Brassrat = Brassrat <Brassrat@pentaho.com>
DKincade = DKincade <DKincade@pentaho.com>
DennisVR = DennisVR <DennisVR@pentaho.com>
EHoward = EHoward <EHoward@pentaho.com>
JThomas = JThomas <JThomas@pentaho.com>
LBoudreau = LBoudreau <LBoudreau@pentaho.com>
MBurgess = MBurgess <MBurgess@pentaho.com>
MattCasters = MattCasters <MattCasters@pentaho.com>
aphillips = aphillips <aphillips@pentaho.com>
arodriguez = arodriguez <arodriguez@pentaho.com>
asilva = asilva <asilva@pentaho.com>
audinchan = audinchan <audinchan@pentaho.com>
berarma = berarma <berarma@pentaho.com>
bger77 = bger77 <bger77@pentaho.com>
bhagan = bhagan <bhagan@pentaho.com>
biswapesh = biswapesh <biswapesh@pentaho.com>
blienig = blienig <blienig@pentaho.com>
brassrat = Jay Goldman <jgoldman@vestmark.com>
brosander = brosander <brosander@pentaho.com>
bseyler = William Seyler <wseyler@pentaho.com>
buildguy = Pentaho Build Guy <buildgy@pentaho.com>
cboyden = Curtis Boyden <cboyden@pentaho.com>
cslawomir = Slawormir Chodnicki <cslawomir@pentaho.com>
daune.jf = Jean-Francois Daune <daune.jf@daune-consult.com>
deinspanjer = Daniel Einspanjer <deinspanjer@pentaho.com>
dennisvr = Dennis Van Roeyen <dennis.vanroeyen@ixor.be>
DennisVR = Dennis Van Roeyen <dennis.vanroeyen@ixor.be>
dewwalker = dewwalker <dewwalker@pentaho.com>
dkincade = Davide Kincade <dkincade@pentaho.com>
dmoran = Doug Moran <dmoran@pentaho.com>
ecuellar = Ezequiel Cuellar-Ojeda <ecuellar@pentaho.com>
ehoward = Enrico Howard <ehoward@pentaho.com>
elassad = elassad <elassad@users.sourceforge.net>
filc = Phillip Cole <filcole@gmail.com>
gbishop = GBishop <GBishop@pentaho.com>
gmoran = Gretchen Moran <gmoran@pentaho.com>
hdupre = Henri Dupre <henri.dupre@gmail.com>
hevermann = hevermann <hevermann@users.sourceforge.net>
hhymmen = Holger Hymmen <holger.hymmen@comline.de>
hoezx6r = Andrew Hoesley <hoezx6r@gmail.com>
itzik = Itzik Pailis <itzik.pailis@cramer.com>
jaosch = jaosch <jaosch@users.sourceforge.net>
jbleuel = Jens Bleuel <jbleuel@pentaho.com>
jcaldwell = jcaldwell <jcaldwell@pentaho.com>
jdixon = James Dixon <jdixon@pentaho.com>
jganoff = Jordan Ganoff <jganoff@pentaho.com>
jhyde = Julian Hyde <jhyde@pentaho.com>
jianjunchu = jianjunchu <jianjunchu@pentaho.com>
jmatzan = jmatzan <jmatzan@pentaho.com>
jpaz = John Paz <jpaz@pentaho.com>
jtcornelius = Jake Cornelius <jtcornelius@pentaho.com>
jthomas = Jeffrey Thomas <jthomas@pentaho.com>
jvanhent = Johnny Vanhentenryk <johnny.vanhentenryk@ixor.be>
kcruzada = kcruzada <kcruzada@pentaho.com>
krivera = Kris Rivera <krivera@pentaho.com>
ksorensen = Kasper Sørensen <kasper@eobjects.dk>
kwalker = kwalker <kwalker@pentaho.com>
lboudreau = lboudreau <lboudreau@pentaho.com>
lcheng = lcheng <lcheng@pentaho.com>
lgrill = lgrill <lgrill@pentaho.com>
m.stoedtler = m.stoedtler <m.stoedtler@pentaho.com>
mbaker = mbaker <mbaker@pentaho.com>
mbatchelor = mbatchelor <mbatchelor@pentaho.com>
mburgess = mburgess <mburgess@pentaho.com>
mcarina = mcarina <mcarina@pentaho.com>
mcasters = mcasters <mcasters@pentaho.com>
mdamour = mdamour <mdamour@pentaho.com>
mgugerell = mgugerell <mgugerell@pentaho.com>
mhall = mhall <mhall@pentaho.com>
mjansen = mjansen <mjansen@pentaho.com>
mlowery = mlowery <mlowery@pentaho.com>
molm = molm <molm@pentaho.com>
nbaker = nbaker <nbaker@pentaho.com>
ngoodman = ngoodman <ngoodman@pentaho.com>
nico.ben = nico.ben <nico.ben@pentaho.com>
pcole = pcole <pcole@pentaho.com>
pietervdm = pietervdm <pietervdm@pentaho.com>
pmalves = pmalves <pmalves@pentaho.com>
pminutillo = pminutillo <pminutillo@pentaho.com>
pstoellberge = pstoellberge <pstoellberge@pentaho.com>
pstoellberger = pstoellberger <pstoellberger@pentaho.com>
psung = psung <psung@pentaho.com>
pteixeira = pteixeira <pteixeira@pentaho.com>
qinhui99 = qinhui99 <qinhui99@pentaho.com>
rbelen = Rowell Belen <rbelen@pentaho.com>
rbouman = Roland Bouman <rbouman@pentaho.com>
rfellows = Rob Fellows <rfellows@pentaho.com>
rhasija = rhasija <rhasija@pentaho.com>
rmansoor = Ramaiz Mansoor <rmansoor@pentaho.com>
root = root <root@pentaho.com>
rwintner = Wintner Robert <robert.wintner@aschauer-edv.at>
sbarkdull = Steven Barkdull <sbarkdull@pentaho.com>
sboden = Sven Boden <svenboden@hotmail.com>
schodnicki = Slawomir Chodnicki <schodnicki@pentaho.com>
sdecloix = Sylvain Decloix <s.decloix@gmail.com>
sflatley = Sean Flatley <sflatley@pentaho.com>
shassan2 = Samatar Hassan <sahass78@yahoo.fr>
skarmali = Sulaiman Karmali <skarmali@pentaho.com>
smaring = smaring <smaring@pentaho.com>
sven.thiergen = sven.thiergen <sven.thiergen@pentaho.com>
svm = svm <svm@pentaho.com>
syamagami = Shingo Yamagami <shingo.yamagami@ksk-sol.jp>
taqua = taqua <tmorgner@pentaho.com>
tband = Tyler Band <tband@pentaho.com>
tcook = Tony Cook <tony@cloud2land.com>
tdidomenico = Tomas Di Domenico <tomas@didomenico.com.ar>
til77 = til77 <til77@users.sourceforge.net>
tkafalas = Tim Kafalas <tkafalas@pentaho.com>
tmorgner = Thomas Morgner <tmorgner@pentaho.com>
uranus_hkjp = Hiroyuki Kawaguchi <kawaguchi@ic-innovation.com>
vitoecn = vitoecn <vitoecn@pentaho.com>
wconroy = wconroy <wconroy@pentaho.com>
wdeclerc = Wim De Clercq <Wim.DeClercq@ixor.be>
wgorman = Will Gorman <wgorman@pentaho.com>
willgorman = Will Gorman <wgorman@pentaho.com>
wseyler = William Seyler <wseyler@pentaho.com>
ykim = YoungWoo Kim <warwithin@gmail.com>
